5d8860652182cc411d5b0335,GQRTUGDeWL,QALDs5gU0BI3pbPJaQB1,95.1597813449748,149.398942784613
5d8860652182cc411d5b0336,o7jpgRBDis,nUfLFnYrPn3kM2gX7Tpx,59.5069177592154,121.202846559003
5d8860652182cc411d5b0337,tmDNupDis4,plFBuQFKcjsfOsrYghX5,72.0831916921972,353.94233296797
5d8860652182cc411d5b0338,tb3pmNzjR0,UxVAnBfl7Ae3Wuk45muy,6.92508478422532,422.176268903695
5d8860652182cc411d5b0339,ZQsKvrKmCD,FCkhOsXZHIPKWxuVyMEy,50.4226225168243,624.926761579072
5d8860652182cc411d5b033a,qaFGn8Y3JZ,QGNBG0G5ZGsWqiVUfjeb,79.2422365352297,891.984798268795
5d8860652182cc411d5b033b,6DMhppDzpI,P5kSHZHv99U6E9YER9q6,73.4996092869268,816.465835703139
5d8860652182cc411d5b033c,uI4Mvq6rG6,elRK44zAP8BPvnyON78v,50.1825295715647,813.615567355537
5d8860652182cc411d5b033d,NBWDHVoLeJ,g3bJAEidJJWyT6EeaoEP,21.8237379320034,801.865546401229
5d8860652182cc411d5b033e,GVa48x6nzY,ebhsF5OyxcTq5955Wmuf,81.4237919868405,911.138785180504
5d8860652182cc411d5b033f,rWlMidtFfZ,oyNZZ5xB0mMyHkpypJCM,7.62389902881076,614.405559407632
5d8860652182cc411d5b0340,bUKNncUdHU,0BPl5kmfl4mayRfzSWLq,6.12878060480477,787.488960643292
5d8860652182cc411d5b0341,nGaK4Ox3Od,AqUmosSxQ3cy25GRxL4F,62.3795224219673,588.120559531061
5d8860652182cc411d5b0342,KzlgpQ8Tgu,z0gOqbD3K0bGGy1iGf15,26.4764216200168,867.246152946073
5d8860652182cc411d5b0343,bpjH66kPNh,2FpEcHXNlVnzO5OpcKyt,26.3518434499216,597.581366814745
5d8860652182cc411d5b0344,95f1S7Z7Ni,OUNI4jP4pA8vEoZdcmnT,98.1930692987282,735.417302568836
5d8860652182cc411d5b0345,8Wo4caMh9R,JmRrytXOLsiTBGseVANc,44.1151481006773,198.676240659776
5d8860652182cc411d5b0346,vMkXhBbvqu,g4m3EOnX6KXRLIMOZ8lL,22.0837496295919,179.217334003534
5d8860652182cc411d5b0347,AVuMdhEab1,jYNPgBZhiE6IJZ5FN89p,50.0880166625021,571.392183948458
5d8860652182cc411d5b0348,OCWvtqSLuy,bHcEXnsny0P6zetHcpdC,40.5634160145079,229.850594136898
5d8860652182cc411d5b0349,pyeizCBVZ0,0taWQWuRa5yN66i3tf3Z,62.064585434843,155.596112908185
5d8860652182cc411d5b034a,9RRO00rOLO,ez8GQqbQmEGvya3nt9zW,20.1881914143152,600.291887854852
5d8860652182cc411d5b034b,o9zWuU5JTL,uxOJbMJJofn77afr51gI,70.7457828539484,197.816134382901
5d8860652182cc411d5b034c,lScOszBWVe,Bc1s4lebXOGXdpISSyAu,48.1866285546896,727.067916425325
5d8860652182cc411d5b034d,DWHTD8cNPE,RyIzGQ3mMtMzzB2c5RtY,30.2705881937495,387.022782826707
5d8860652182cc411d5b034e,8Bit2X6103,K1a6ku4osFBtSHkhMisW,18.9909505668179,812.038433936189
5d8860652182cc411d5b034f,Wz3pe6EpL7,uYzS1ss9JjIvxebGeHAn,50.747285751689,797.410337853159
5d8860652182cc411d5b0350,JkBWLaLBMk,ptI22vvaCzf0EJSALETx,28.7683051732268,161.177497714817
5d8860652182cc411d5b0351,gR71LcAa4m,Yk5R5RSZfvnzksWQs95s,85.7847039843782,227.177980673204
5d8860652182cc411d5b0352,bkCE24l25L,ug3PjnZzEgPWgnNczAnJ,62.9520173685954,929.354732173589
5d8860652182cc411d5b0353,4pnC9WA3ZU,Xtr2V5E1PhFapnNYKFDi,24.0234696934262,844.311084792576
5d8860652182cc411d5b0354,KuMsY2rNla,XofIPE3GdYpV4MoHVZKS,87.7728330704631,152.116592655405
5d8860652182cc411d5b0355,NkcEiItHXl,9GH3CoTfhrnfbZLi6Cgb,83.6672652213035,218.362506709199
5d8860652182cc411d5b0356,kYnXQEpoWj,HrpkLuMllCgnRykmASnR,40.7901748100766,698.467602427292
5d8860652182cc411d5b0357,aNNfppmo6Y,9O5c9hVeLuTW4iWGozUg,96.0140630719469,471.23375577707
5d8860652182cc411d5b0358,VTuoqfgNzp,tD7lIY4KeRlgOUV03mPN,23.4233868881152,599.651616525918
5d8860652182cc411d5b0359,JI2ru4qqAo,ntEbqCFExUj9hxKckmMf,0.987396651778829,308.95631175555
5d8860652182cc411d5b035a,VWP4uIziGV,S0Q6y9c1grEEqQBsE14B,89.4829910655375,397.933031899309
5d8860652182cc411d5b035b,8vsgFvQ40h,1gnH2U24296gMdsUhhKX,39.667584355191,568.472808099196
5d8860652182cc411d5b035c,C5Eh81lYU6,7Diklc83PbAomfjkiVZJ,33.7019347293418,584.378078104251
5d8860652182cc411d5b035d,EC4SA3JQRU,SJR4hkoyEWiQ9qBmgeM7,37.823006325633,754.418376358939
5d8860652182cc411d5b035e,xcJFdX3AsH,3HVHjFYYjatRq9WEzPKN,89.2668300282222,838.636040873959
5d8860652182cc411d5b035f,relPV81DUV,fIs1Z1WgGj4aDTcrNRkU,2.44133907621692,981.901816045977
5d8860652182cc411d5b0360,UJd9MMlTuC,ZIgzGthXWZUtnKFsqjbe,9.34922611860559,169.720552815472
5d8860652182cc411d5b0361,9X67HXqOAT,XpXeu71ggT11N7sSOJMG,11.2608021504604,315.286871903221
5d8860652182cc411d5b0362,3iymqOaKzz,ECjBAhELHN8uVFpBhYhX,67.6368377651871,660.790790125437
5d8860652182cc411d5b0363,6oloI9fuo4,7AJ1uXIYdVEeFBWTCtLz,1.3014228432366,512.973457472965
5d8860652182cc411d5b0364,KtkxLasf1H,5X0q0qUsdtuyC4haKzv0,38.8648085568631,401.932749861553
5d8860652182cc411d5b0365,SWi6WsnBmY,aEl0Ye511vIqvY2ZH1Gb,62.3962708213792,762.178986072126
5d8860652182cc411d5b0366,FiiPKmeVnj,x6BlGfJ7MVPmFRRoI7ed,98.3469530524223,838.940527214032
5d8860652182cc411d5b0367,CfaDXn71p2,ESPL8bEKEMJCN9puJB1g,23.7227198345977,522.71952723018
5d8860652182cc411d5b0368,N2cq91mTNs,mi2SX9Rj4YOqZJIa59bS,4.50701096637486,607.097498795423
5d8860652182cc411d5b0369,t5bulMbRJl,dyaseGMXvXdS3tpfq0Nj,50.3336913661864,568.791070534669
5d8860652182cc411d5b036a,POGJXrzXmC,YSpvMNDXeOuB0rLIRPMm,99.4098998497648,176.957613338017
5d8860652182cc411d5b036b,2Ops3Butdd,u6Gzzr7yqBi2QUohrMXe,27.6889073138359,426.750870032384
5d8860652182cc411d5b036c,zcaoKmhQHl,IpljudmQEUBNBWHdS1zP,87.2929587408779,193.126668965294
5d8860652182cc411d5b036d,GbHJTtdHXS,ZjlrjaZ8nHVhA6dpkfN4,57.1861351453586,317.898546963522
5d8860652182cc411d5b036e,iYUG5yxh6Y,IVnES2HlWjYDYsnBNCGO,35.0971978360196,714.043496481757
5d8860652182cc411d5b036f,ZUx4QuxZs6,0pp2xGLMAToQxIAZmOiA,42.6924450945534,398.257487866649
5d8860652182cc411d5b0370,hJHp0rWedb,TSrIVC45POY7DKf11v8X,59.9985586954132,451.761276922224
5d8860652182cc411d5b0371,dk2ZvGDAfX,yezyV6gzdBMCCmusxZGV,85.0754568219475,899.355960738804
5d8860652182cc411d5b0372,6vUjjTu1fK,Qy9kP98y2YTfdbIFBWmC,16.9391503688218,516.728724841656
5d8860652182cc411d5b0373,C8QSzLCD7k,crs3R1ggx8aTqYE6mFFh,68.7345890855749,467.008459436679
5d8860652182cc411d5b0374,2ul15HBpt8,F0kvRR4LeokItYzg4qvv,95.158511106464,954.571419290396
5d8860652182cc411d5b0375,SVTb4QkoDF,7CbafDN6BVhV5MOCW9VE,56.1323048967014,807.096913818345
5d8860652182cc411d5b0376,yEaj1mQVBa,Wml9hc5XSRGx4dqVraUs,0.724850504705023,886.87297367805
5d8860652182cc411d5b0377,yVxzX0pmuB,OqvIrRAfgCLE5BfQGrxf,76.3253747357576,519.351967014703
5d8860652182cc411d5b0378,EmNeQK2Q9J,FVxHfUOddqpJCb5D3ZqU,58.0663051969035,453.956339896838
5d8860652182cc411d5b0379,sDeZmY2qYD,7Pqo9BrB5fzjiVakiljr,14.4961156879958,644.134185571206
5d8860652182cc411d5b037a,gaNhMD0qZk,1iCJKgE94ICVsoXXxDYH,89.5021825041193,955.665005037366
5d8860652182cc411d5b037b,2sE18NU2hK,a9spiMKndtq9R427Myhd,6.4836381042325,298.215309867422
5d8860652182cc411d5b037c,JiQyPqz7yR,sC4IqacvSSh6IMrLCQLD,11.774217630978,487.144308937917
5d8860652182cc411d5b037d,PqoO9sbm06,akc91AJNhBf10n4h8T2V,25.315110321799,419.559571666323
5d8860652182cc411d5b037e,8pxRkWoCo9,tCBDzmJTsUMa1QqM7zSf,28.5778188213962,386.622667752123
5d8860652182cc411d5b037f,OL6pKDjquH,mYxOuAYIkOu24lCDsraS,73.7369962951804,304.10486397817
5d8860652182cc411d5b0380,IfoXhOY2yK,AQsBZyvl3KgEzRyiS5vm,15.0933155243416,871.192770664739
5d8860652182cc411d5b0381,SB8P7c0ihY,0Bb4SSPkIjAhjMunLKG4,73.7463082768276,449.544018331967
5d8860652182cc411d5b0382,kfIFHktaUq,aPXxUvf58p4lYYJRxayM,13.5172170947144,276.592924292827
5d8860652182cc411d5b0383,9CGaN06duu,7M6NbgHL1uksTXyMRQkL,59.1218564879352,894.10609547286
5d8860652182cc411d5b0384,NftZ65ExEZ,raKQTmt6kc4Y7nuRyfPU,21.5934549390384,603.98822254964
5d8860652182cc411d5b0385,vHvVUuuKfF,AdPBfrANW7ltILSLkA9d,64.9555063143046,456.337595503857
5d8860652182cc411d5b0386,j7hlYxJvFP,lNl3LFYQoQbQctqd6zBu,84.144632186238,452.751837342021
5d8860652182cc411d5b0387,TB0WLk3X1h,Q1UzB5pqcmocoUnGnELi,17.1834174420013,479.88364117566
5d8860652182cc411d5b0388,VneEXIoEVz,pZrsrtcQ2zHus1B3VjWb,81.6032793784854,567.246282415911
5d8860652182cc411d5b0389,IAYL56rB9h,0MjTk3uGt6T2816PLMN8,26.1173010532183,469.269389417582
5d8860652182cc411d5b038a,RXQvvVDFVP,JGqQXJDoQoFofjRihObg,23.5431011319433,373.604583220233
5d8860652182cc411d5b038b,l5CDAYb98j,CKSy4uR3h2dBBOFcIUlO,73.9756679920365,933.681147497641
5d8860652182cc411d5b038c,UJVo8jDE3L,MuD0f9dfceqvPiorOEgh,39.2102243025248,823.511661585911
5d8860652182cc411d5b038d,solLbgn87t,CYBTR6JnSLaqRfB9NkjY,5.41507392015012,824.74767714591
5d8860652182cc411d5b038e,YgyMSDIh3N,pYRzaCObeYS3jK34vSaE,65.0544521717231,930.985425034083
5d8860652182cc411d5b038f,rgQnCeN9fW,cxbq09Un93mzkISYSSSv,23.0613795227653,380.321444974076
5d8860652182cc411d5b0390,hrUgFLeVlf,JHOvi8tJEJV5BqIBz5jo,37.2605111073542,616.158191732956
5d8860652182cc411d5b0391,NBO2FED57A,Qynk8K8hCWEfBacCX0Oe,72.0409926542912,364.259805765269
5d8860652182cc411d5b0392,Z7dMLsuKxY,YrkUVa1NEZXbcgLVjH0M,84.2793032443689,846.057739528177
5d8860652182cc411d5b0393,A6WCGptf8D,2vkbUVAzbQtAngvia0Zu,32.5121180091172,405.206387153086
5d8860652182cc411d5b0394,oKFJc2EZH3,qo2ySEkkSI87hsu46VKU,12.359153145596,171.388771177534
5d8860652182cc411d5b0395,NVSxVkfyYq,mh7E4RaAcPo9rzgeCaJS,13.1960158224946,939.372219207636
5d8860652182cc411d5b0396,v5f77Wz1Tp,ncxzvdK0kyUuoHtOg7Mr,3.0770619875713,273.313990233213
5d8860652182cc411d5b0397,Kl1X0H3EUX,fo03jW4dgGjIqDZeeUdL,38.9082395011751,648.317011706993
5d8860652182cc411d5b0398,mRMMbqNzyy,XdTaAmxNcYkoze0mVPlg,98.8699497062287,698.235445442986
5d8860652182cc411d5b0399,yotRiV63jz,0315b00u922RSdAmRWV9,41.0898943242927,203.730444834596
5d8860652182cc411d5b039a,rkHp2gsMO3,2D6d7zgJPnx127p4ZXd5,92.5659197178505,800.575740891928
5d8860652182cc411d5b039b,pz1higEp1B,DrbuVsJjKGDC2sLBYoZ9,50.3388841041059,606.21337932097
5d8860652182cc411d5b039c,74ZTGl9t0s,fBoYnrftBn5qgjE01W07,22.9154935396724,784.559326699822
5d8860652182cc411d5b039d,bmTp6rPvH4,LL3Evtp5VxN9NXruG4DM,85.9411638668104,623.059133715179
5d8860652182cc411d5b039e,Zv9hQlOh1H,MrKCKXT4SPq6QSvD8VFL,64.1228664807294,943.993682310988
5d8860652182cc411d5b039f,D6NMIfEyhk,Ct3hr45jsUisDYcSBszs,45.4019850082643,533.034721378443
5d8860652182cc411d5b03a0,kI54sqHLKU,hMa2Av6tRZiEl47sYRNd,11.3771603226687,902.050634043568
5d8860652182cc411d5b03a1,UrJlykOerG,PnW5JjVmZDoWsCCpN2qP,98.9771509848348,465.162060625858
5d8860652182cc411d5b03a2,zSWi1PdxoY,RGard7LjuO4qfBoOsH7b,79.3836729905262,653.047578657206
5d8860652182cc411d5b03a3,Y6ZNNIHXS3,oS7pItN2Med5AUGlEi8i,74.2042624691237,539.499305701635
5d8860652182cc411d5b03a4,v92M0xVx2i,TOd0NC3vqVcfUGjeUyRt,84.8951206984184,703.22869349476
5d8860652182cc411d5b03a5,Vx0xOxcXNH,zY9U3dCgO3baz3h7LZkM,52.4339700307798,106.92205692082
5d8860652182cc411d5b03a6,XbS6gYj5Tn,XE4tcKXUUVGZkdsqKRaI,43.242901165475,409.546294309437
5d8860652182cc411d5b03a7,vvdYzFIqiL,LA6aCGILvqoQ9xy0UeKe,56.3612253122933,592.904570811022
5d8860652182cc411d5b03a8,WOTZsGR6Mt,PzaYZjyXAskgc2kKvtvW,57.8683327514954,823.441964850837
5d8860652182cc411d5b03a9,tR4C0oXNN1,uBWokEiEPR4QadcPUKGs,40.5565291947562,232.301077661697
5d8860652182cc411d5b03aa,cKshrQNdyh,c17tdstpAok6KVORMW5i,7.85390412772635,326.627834136408
5d8860652182cc411d5b03ab,W2Rcu4VHoy,e5Y59NQ9Y8TErD6yxQkG,83.9971769535877,517.126991665877
5d8860652182cc411d5b03ac,D9NbH53XqB,NH4BqDmVgYyADSxr0vcL,43.454538997812,177.867934278574
5d8860652182cc411d5b03ad,RUEWcLLhle,kpgCXKqftuu5K0xZoOe9,77.5985184644328,931.340201617564
5d8860652182cc411d5b03ae,CpOqG6hRvU,7I3azUcFf1VrSbhQtpIB,71.6288246983297,148.759276366996
5d8860652182cc411d5b03af,oecBuSLknC,Yr0YpgjkYRP2yxEqWRHV,17.7452003488534,893.622200497781
5d8860652182cc411d5b03b0,sG3lgeAG49,qHvZL2L6cZ0RKFrJbWrf,49.5702784247572,466.513248573542
5d8860652182cc411d5b03b1,ntRGoS7lcq,ZFTmVo8NcPv48oUjbo7r,97.8224216651748,799.159537283319
5d8860652182cc411d5b03b2,PCC8bdxy2i,F0AnpFYAReaYGJpHKGzQ,76.2385893771642,152.736772590223
5d8860652182cc411d5b03b3,DopyVVYQPj,QjETvGsNOYm6m4rQQavc,92.7471760541768,358.424892829003
5d8860652182cc411d5b03b4,3W3VnK04n2,hRARWsnWP7cDdFU0lyYT,79.8908714410238,768.213634604431
5d8860652182cc411d5b03b5,oG7GxtflZo,uBicMcaRoZI3CmtI1nQn,56.4995104399748,539.958383991034
5d8860652182cc411d5b03b6,Ifd0rfdxto,esoRMhugB9A0PCs9B3MW,10.6129173730424,246.685655162825
5d8860652182cc411d5b03b7,REuGx2zGC2,mPG9JRNugLOuJEJHhTnz,9.65376868072819,107.14885432439
5d8860652182cc411d5b03b8,QxiUZsr1Cs,QgTlekftk8WfTVSDqsBf,32.8504379368158,243.633953016836
5d8860652182cc411d5b03b9,kTgztKb08r,7zLsIrZXsAglQWPkrkgl,30.9098457544698,264.015084224549
5d8860652182cc411d5b03ba,sRzC636EhZ,FYfrsio1Upt9A8st3Q5p,10.9403190986932,871.060262671957
5d8860652182cc411d5b03bb,SUjQB0P7Zj,KL6mkQVNCjssm9HCBiK0,45.6244344198486,290.987014495154
5d8860652182cc411d5b03bc,Z5pJJoxDE2,uQv8hvStFUlRLgDZPkf3,4.6418747085893,838.268104251632
5d8860652182cc411d5b03bd,AMuH6gHtXy,hWfgp9GzPxUmR91AQvG9,18.3422778969416,388.687090749202
5d8860652182cc411d5b03be,zrcy17XrYI,bJRVa9eirl3nSS7nbeUq,57.6680901506925,295.644087620595
5d8860652182cc411d5b03bf,1QD9KxipAO,Sm9nMTFsCFIPU1y0nTUo,44.3274180330147,917.711392995084
5d8860652182cc411d5b03c0,vh9lTPo6XH,Bi4r3l6msqSrVhBpyb2a,87.2168765292944,975.43914937849
5d8860652182cc411d5b03c1,Djlc88mhAg,zbyqf4Z1Q9WA56C3kQIY,37.0944449732993,737.410993463721
5d8860652182cc411d5b03c2,KChoeGz6d3,tcWalksI9UhYhHS4amfP,76.5023173295324,926.549749575645
5d8860652182cc411d5b03c3,8Y2Z8iNFid,iymivsYHxF2YRerWCh6s,21.9397498418049,950.67309962055
5d8860652182cc411d5b03c4,aQlftaJPCK,naEZNDdb9PhRGlsd7x9B,65.2859210982022,962.299216114256
5d8860652182cc411d5b03c5,XNJWiRvo2M,KOaD5FmBS8ezoRDBUWnm,25.4727744120965,539.702425418603
5d8860652182cc411d5b03c6,4rDLWEHsKm,DdeYmer39DVx2JTeaiM0,39.4078741245694,296.218914612269
5d8860652182cc411d5b03c7,DB0XiUoUtq,gHvv8gY652XRDfuhvlqQ,66.1472562630198,110.802347736445
5d8860652182cc411d5b03c8,yyYmd3HkgP,4NTY9FVIRkDHqD8HEeXu,22.3182810810434,286.829552526731
5d8860652182cc411d5b03c9,8KUvgqda9Q,Nnnbq5TvjvdV1Ayii77i,43.7924844695486,233.156183649627
5d8860652182cc411d5b03ca,SDCaCCcYoS,9TtemesiQHCXYo42p3L5,65.6084267340932,974.42237586956
5d8860652182cc411d5b03cb,pMSUfXu3Ln,HMCEgcYJxr42y7OBB5P5,33.144547768544,678.608440850243
5d8860652182cc411d5b03cc,Xc78ul0jcX,KiT859kmujjsJ2L9LHT7,37.5420150799041,320.840486756839
5d8860652182cc411d5b03cd,I2yiCenlDR,NydildhTuJUmzpks5nH7,72.3775812194984,562.446108344338
5d8860652182cc411d5b03ce,KngeOTVO6E,2FqNkGIzRTMyCp17fz6M,17.5864280452583,657.260026698647
5d8860652182cc411d5b03cf,ZnPXqWGY77,alVCFmp1Ak1CMntaJI9A,52.6350234003983,286.179799463889
5d8860652182cc411d5b03d0,zEYyo4TCgu,sGhJSiYeFh3pijGQFFzT,84.9439691382437,715.971480722405
5d8860652182cc411d5b03d1,jPEmTbD61N,5ZrQtFXKLzSG4yqDEngx,11.560858553416,777.325163397728
5d8860652182cc411d5b03d2,BrcvnxJLWA,DfQx8Tg94GEQ8J5DYJlr,6.08311913910036,276.160860662701
5d8860652182cc411d5b03d3,j7WrJkSnVQ,XvZA86TRq5zhs6y33C9D,22.8308737807736,927.183974499744
5d8860652182cc411d5b03d4,gOQ0Gt6eVc,cFcx8OL4JOSI0VsZ6nJm,33.2697812559462,304.691062988428
5d8860652182cc411d5b03d5,AxzBAAm0Ih,9rCu3LY2qcfIXbLA8unG,85.6839011904335,434.625463264124
5d8860652182cc411d5b03d6,C7FzjeteZt,LIsmo8avz3iLjCka0kG4,87.0985353106061,393.88297153693
5d8860652182cc411d5b03d7,Yp9YsAfVRO,ZUCYBYbvNVukzT2ZZmpp,14.4530781019973,847.867539893019
5d8860652182cc411d5b03d8,MDatQZVif7,PRgNPN3iND8fP8VSnudd,50.0238798843033,704.296882470866
5d8860652182cc411d5b03d9,bU2z7aNZVu,CKZIVv5FPaKo3AIjuLY4,35.0970846773447,299.258125271783
5d8860652182cc411d5b03da,hevYNo6nxX,Eo3bCFjiIJCyBByQM9Si,59.8914925235575,303.513580160472
5d8860652182cc411d5b03db,1ydnp1f8Wo,TKPt0JeIRWFAYTWuhJr2,68.7314041265322,854.056267129072
5d8860652182cc411d5b03dc,A4sn2g77SI,aDCjdQB1IDtPU03El51j,96.4694748959106,910.915695010687
5d8860652182cc411d5b03dd,SYbDQdPrMf,kKEGrHEngpDJy074yUkA,25.1595678635188,542.213457586136
5d8860652182cc411d5b03de,lbdicavUSx,WYnU8HAj5WhJ5tddPQnp,72.9796024607042,731.468940454774
5d8860652182cc411d5b03df,4zPNO0zsB5,ZOV3rm7zi81ruLfN0FCq,96.4044081869775,707.154937280164
5d8860652182cc411d5b03e0,XboG68185L,ZaToW2y02KT1xm8yoHhA,28.6285741398574,903.503349947927
5d8860652182cc411d5b03e1,m4qS5ndacX,jnnlDKJV2bKN3MljOk9u,40.2393034360216,740.560824950329
5d8860652182cc411d5b03e2,RUS57jFfsv,Kpct6mFxvEOdxmClF1fi,18.1392634936607,233.494487108998
5d8860652182cc411d5b03e3,gjuvgNcgxu,dqsU347DhkyWOGTPsi8s,79.7194351860681,926.147502116811
5d8860652182cc411d5b03e4,Y3JMCEsZKp,XufRXVtF75FfaNDIuge8,1.28196989657162,742.844790121683
5d8860652182cc411d5b03e5,tOE85MsiZE,LDJq2S1WqauLBbbKH9tu,85.7130334045634,778.448715814951
5d8860652182cc411d5b03e6,9S9TkpvsP8,z0iPxRf54mybhCGMVeav,35.4056636929399,600.664714746508
5d8860652182cc411d5b03e7,iqA8UCoNRi,evex5fCSsgkBslNilVaS,72.4326216067094,985.59696327427
5d8860652182cc411d5b03e8,uNkCN1Mpgb,Fqk0xso71SqMmHdj8bge,63.9692433928715,571.554078722016
5d8860652182cc411d5b03e9,25Y03YNqLW,0z0rOXUWJnSQyDVhm9ME,86.9662830814301,847.104675208305
5d8860652182cc411d5b03ea,P5ohMD3fBs,klsVdgTi2eDboS4vgZsf,8.07277932293675,552.383218202704
5d8860652182cc411d5b03eb,nllugCHc0j,ntkFQycHYxtBX3RDB4Jh,98.8088925019428,216.645493086055
5d8860652182cc411d5b03ec,7zeDAJQjKW,DAjHi9H8vr7ERcPuniSf,59.988767812,614.074359012101
5d8860652182cc411d5b03ed,T80O70hy04,CghCHBqqbdplIsj7NMRm,91.3933761316557,543.83543899587
5d8860652182cc411d5b03ee,O7vOCUiZtn,qlsJQE5EZ313y3d4mH5k,67.6933763469449,241.382719376919
5d8860652182cc411d5b03ef,hjVHlXRyKr,Fn3iJOCStzeDDzWYroGc,52.6219584849112,510.014286898526
5d8860652182cc411d5b03f0,izvJCo4NOU,koQgcVa89hYKvhBlQRIG,30.3977022735557,275.677894606074
5d8860652182cc411d5b03f1,XqEDlkI24T,hUnXZ9fM3sdFg7BCLcVu,66.3974165128151,674.026732491107
5d8860652182cc411d5b03f2,h531bQgGkH,Ec6dT3cMGcx01nfp1HCc,89.0790104271568,352.72501352863
5d8860652182cc411d5b03f3,ikf1yGZNdJ,LLXJc4KD4JPZM9ScsNO2,0.154324758962364,910.003670478462
5d8860652182cc411d5b03f4,e3okaSl2JE,965Cv92gcWzOmEUZGyxb,12.011996348545,845.466029191189
5d8860652182cc411d5b03f5,9NbiMSFH8Q,UJRfCELiAgZdP1roQfyg,0.390305030214362,548.143458418707
5d8860652182cc411d5b03f6,JCaq2M0041,bqaoHuyv9JJvPj121hfY,94.3000254196468,301.800996129354
5d8860652182cc411d5b03f7,edc5KPnPUg,0LUrSEGDndCAxFtWvhK4,79.1972790775111,317.493113439005
5d8860652182cc411d5b03f8,Ukenhb7rk6,nLJ4SIXhH8MnAMjtCveA,37.4063885543644,991.369253657551
5d8860652182cc411d5b03f9,shgnm1sHdX,B0411PXdZ8WBlF4lqqJh,3.7927227817003,684.729616358911
5d8860652182cc411d5b03fa,TTDDTIBhIR,IUshoVkQEe2pzD5ReHQn,50.6855533743708,937.330703140487
5d8860652182cc411d5b03fb,sAsIelGnEj,s4Xgl0BVv7ZNXszxK81t,95.050903784177,192.941121832092
5d8860652182cc411d5b03fc,7JsgFBkx5z,gdVydUXDmIOPqWFUTjRM,33.9144078598179,364.147098690546
5d8860652182cc411d5b03fd,UiUd1BfFcV,y55AicvGxYUldv5xIYLx,6.0341462078335,107.408262469676
5d8860652182cc411d5b03fe,PGP7Hm7unx,hJMSZhHUG1IRslMiA3RO,72.8235160401834,937.363230457621
5d8860652182cc411d5b03ff,UQCWOcK9Cc,PWqenRUZ2nrH0qR3CM3k,25.5240682876987,952.385345556024
5d8860652182cc411d5b0400,pEGVHxtY2G,XbmqQAtpJBbkocYhkXzQ,25.6283676650479,498.388242178408
5d8860652182cc411d5b0401,uvsQARUzP0,dnKY5WLKn2gbc8EgFLpp,58.5528410718191,849.88161689424
5d8860652182cc411d5b0402,SfLrx9Ghje,plWdjsE3YXOlrM4i1ume,18.5606263698556,413.276801040283
5d8860652182cc411d5b0403,Ya45CeIJkl,ucXHM79J3PuQv07kTM8B,20.9344305669504,165.442511225733
5d8860652182cc411d5b0404,auxJsDyBOq,z6eFkWor1TKW5ovFkREZ,32.3993778416738,307.510442082493
5d8860652182cc411d5b0405,kTI6Ry5PE3,clE2CXJoLYYSs3k74lLG,31.7958564394378,747.930929501664
5d8860652182cc411d5b0406,Fp19IcpVO3,1zLm1m9LxzaH4yLeB18l,95.0023840050227,909.778711208143
5d8860652182cc411d5b0407,FBaLkh0zGl,xbmbqX2s89Lpe52SDWp5,0.108437170942502,664.308462450623
5d8860652182cc411d5b0408,vLPDLK3pGc,4heFGKZacLDse6K2MUuy,69.8373296826184,588.760563289168
5d8860652182cc411d5b0409,yIJyzPdf6A,gv7mGR2yQLvdARcRx1hu,19.2190397292185,647.416640998183
5d8860652182cc411d5b040a,4zSLLjtmhS,sp2mCN3HzXuZvuhXlBvp,50.5130767812017,899.90539777075
5d8860652182cc411d5b040b,sR1J07i3SQ,FQLAjIqUkWUaMcjZbgXx,54.3813277338731,632.758159834571
5d8860652182cc411d5b040c,lWsZ2V1ysH,rPzl79XIZykAJKon9oG1,48.3109079422469,419.214550757918
5d8860652182cc411d5b040d,fvZsnju3tE,msihI031PN08ubQupIRp,34.2870171472137,800.278208389907
5d8860652182cc411d5b040e,kB7Nl23bht,xhDhny8HvUiJCMQQo7tl,83.7157837378255,290.0223708978
5d8860652182cc411d5b040f,qAH3arBtuA,jFtYxWkfbBGqHiBEfTFz,43.59712293499,814.14562727214
5d8860652182cc411d5b0410,pBtKsn1hCZ,xDUciRmQPGDNBspGu4T0,75.9475863213147,759.777523502973
5d8860652182cc411d5b0411,F9jXW6TQTW,FQ1UFrIxRQ4CAEdiW2Il,10.4732117472068,864.534225816338
5d8860652182cc411d5b0412,TYfMnyiEou,pSkdvo4K5MUGQQmJXoFK,35.4923736132264,419.824240971025
5d8860652182cc411d5b0413,9733NY42sr,CH9KarY2KsT4pXvCNamG,0.108642558797566,907.404005652362
5d8860652182cc411d5b0414,cl1gTC85av,9qtaaYK2VIDq2dUTm6Ug,54.6336274669675,851.183600056003
5d8860652182cc411d5b0415,0NWNNH8ChN,plU87WHL7ZWHzURI6ktF,3.25982988555703,805.282397698474
5d8860652182cc411d5b0416,vHieVNsDlo,KbZgY4q2dArWmmuTdeiM,95.9835018346005,458.334745436089
5d8860652182cc411d5b0417,JDRhhjgP3p,hyEuudFgyIpzfbFk4EKg,27.7774859298328,468.045552858742
5d8860652182cc411d5b0418,ZQksTcWzM2,1KZKZ41qbkKCnHhUS5GH,84.0140799627067,916.996086429369
5d8860652182cc411d5b0419,xRovq4LPv4,9LkBcZghKMoxBGJsGz91,89.1378732613369,894.699525312867
5d8860652182cc411d5b041a,giZHeoLGYx,BvrxBhJT6UTYVmAasjhh,97.5886135280432,106.906681672858
5d8860652182cc411d5b041b,P5Kvt1VPSz,Nn4aPvVmAobXpCD1E0mB,99.974049972872,710.161616917366
5d8860652182cc411d5b041c,QLLJH2AqFJ,MVETncvOilKk4q8GK5hk,57.4927858534757,361.607341856656
5d8860652182cc411d5b041d,y4CrjG1gdj,xSoGEMqBR2NjdHeuhr7y,62.6071268761947,811.041520217567
5d8860652182cc411d5b041e,tSBFNEq284,ruy73FnQ710uY4IP2f6L,19.965945023566,500.22200097702
5d8860652182cc411d5b041f,DfaPHF5XU5,gVOSxIqamseT2jYBp9GR,59.5775141627586,902.42262257095
5d8860652182cc411d5b0420,DQOWd9GDF4,05b8iVXEGHFmLHi59yUk,66.2323716155566,473.238859348357
5d8860652182cc411d5b0421,ntTDPmYbXD,mB0yMfO6C12lmHjXij9I,42.1761680644576,539.643323696443
5d8860652182cc411d5b0422,N42DeBNxS5,d28cORJxWMmDx3HCiEUh,91.0325178350273,602.291714578462
5d8860652182cc411d5b0423,SFvuDF5Zsi,vtt36v1TTHCx6YbJxbZ4,22.9758495545064,170.078165260466
5d8860652182cc411d5b0424,ZR4u5MnddU,cePu1ax5spSlbxOZVoS0,96.1542586916904,819.941171710241
5d8860652182cc411d5b0425,ooTQhsqc2K,GRM7t0F95kEYnslgWfmo,66.3623619780803,372.919108148382
5d8860652182cc411d5b0426,52P9qV5Git,fn3TbsXPrFpKl75NIZsE,79.9641461852193,810.455947345056
5d8860652182cc411d5b0427,OFX4uttFcA,0SZo5KHfELuFyJONumyd,77.0658157732652,197.956863439736
5d8860652182cc411d5b0428,kDegEmpoms,O6iu9qMUyG5JgMXhn0FO,27.9386529559571,150.594012654716
5d8860652182cc411d5b0429,0qBDYL1lJZ,GF67dpXZpYEDZOc3cXiR,93.6918645966794,910.362048846195
5d8860652182cc411d5b042a,Av8Ho5GED0,i6aml2gKNNlCLn94JHac,4.19543098579808,252.383937782661
5d8860652182cc411d5b042b,fnAjSt7A8q,TvsP9vAhCd4D8igW48n5,77.2529625193378,725.466479408945
5d8860652182cc411d5b042c,T29ETyVxJi,9hQaECGDyMjL42cLo6Qj,41.0245507338438,899.906115411631
5d8860662182cc411d5b042d,Evqh7t444h,I37Y5yjNGhFOizcbUTRK,2.69961670746392,355.544431344196
5d8860662182cc411d5b042e,LLHNncRf8j,A1mNh6GrlUegNbQEUa30,28.4197628473191,390.07399775728
5d8860662182cc411d5b042f,vMlhRZ9eEu,0niz171yeuDmAT20k9vp,51.4516280631633,447.593879036802
5d8860662182cc411d5b0430,EZKuvbG9yl,yab4M6DlQ8TyMJihqW8e,7.60973729722824,178.415373839631
5d8860662182cc411d5b0431,OP7PRgIcXc,lbKSHaZFXZT7PC9KE7j6,96.9293514303224,823.117678330086
5d8860662182cc411d5b0432,mASVO31YgQ,HjsmO89jHjW54dSdPIMH,60.5893220792365,514.853566198849
5d8860662182cc411d5b0433,tz2gVhW4pt,SZ94t3sWtQvkthyAHeLO,99.0849407503338,618.904991482703
5d8860662182cc411d5b0434,pr4cWkSWET,bWAh9KqUvhq1K0bCs9or,98.6507883693954,584.488775296427
5d8860662182cc411d5b0435,ZSM2iiRZbT,hdBQhMVAkc5duQk5Prjk,94.9335942178223,229.812309347119
5d8860662182cc411d5b0436,skFAgcvWtX,HtnhzDCRI27OToHW8yCB,54.9150786899032,450.379209101232
5d8860662182cc411d5b0437,zfkM3Banxd,GpV6q4AONr9EiK9YOmQL,88.0848144865429,548.544903178356
5d8860662182cc411d5b0438,KnhDddjHry,dBMmJRgLqTVVsO1z1PAW,76.863065609986,293.322414064741
5d8860662182cc411d5b0439,KrTrt6c4k5,rn7BFBIuQnAPDavKFmWg,39.2736493100548,403.437927368156
5d8860662182cc411d5b043a,oTGhCRLUpP,3gYK4YOKsEhrcWqtvRtD,11.8667893765368,552.636512114657
5d8860662182cc411d5b043b,H9LAB5LpnD,fkLCS68V4l0Vr6egFLnE,58.8919547576546,303.237763846154
5d8860662182cc411d5b043c,ZSG89gfpYj,HY1qMcN5aJDOySbTctPQ,3.7207211300486,264.941451074469
5d8860662182cc411d5b043d,FDhkoK9uS9,T0rDdyBgznfKTyTva0z5,94.5196238149113,775.883232221609
5d8860662182cc411d5b043e,OJ6vOV9kLv,HO7YCzrSimKmAkZWJLVn,79.1730020402709,808.940228231121
5d8860662182cc411d5b043f,lnJJoTVgKM,aU6UQi7rMqEnaG9czNRJ,22.4558571246861,707.28684020296
5d8860662182cc411d5b0440,jYEDdaveSz,CH54U31H2Ia5PIjkG4kp,37.456697492039,640.200207884303
5d8860662182cc411d5b0441,mObIYFWJ65,SpvdVhuEvpySqXcqad1o,42.2504006177719,185.116034017388
5d8860662182cc411d5b0442,APML418hjU,UtJdmMafN1DefkWXyi93,46.8210527761206,837.934224080605
5d8860662182cc411d5b0443,zQtrK680HN,DWCsu4E1NtGQFlbj60Da,61.2348042137736,639.574489108218
5d8860662182cc411d5b0444,EQHpzKoqlX,Sbeo46o38QrZaAfDBZu5,29.0627277098206,740.782032422269
5d8860662182cc411d5b0445,vE8m3PyCbq,P3Ynl80kJ4xbHpBJfyt9,89.0536609567653,479.18326657285
5d8860662182cc411d5b0446,WG9uLubvYL,t1FJiTs4J6U560EDPsWx,54.0570658729829,790.591412801345
5d8860662182cc411d5b0447,RdaikJ8yIX,xIc62ZYDv9NGZvER89X1,26.1958702312233,637.562170989896
5d8860662182cc411d5b0448,HEro22MreC,lGe4xyMldiHyHz1sL2On,27.289327723578,871.199446671138
5d8860662182cc411d5b0449,N64MtAJp7o,lngUEdkUejLGCXKVRauJ,58.525870877613,209.210920283061
5d8860662182cc411d5b044a,lngdtlMoJI,AqQLfeNI9GjfFG7us8Jg,84.3859553186535,449.213821169561
5d8860662182cc411d5b044b,l0K2kKWIAB,q93QNRAJQXJO66NNUaXb,41.814913438426,194.290463270435
5d8860662182cc411d5b044c,XADVeiZTXT,MgmcU1poRlsECtWyqtT0,76.6458084399553,516.794025834905
5d8860662182cc411d5b044d,WsjeZL1OML,fWBmujoU2spurDKHb11S,98.2722872536981,936.404136102428
5d8860662182cc411d5b044e,AzNpZinZHd,P39AR2sImrrn4W9DpcAo,66.5714263048443,128.43261645135
5d8860662182cc411d5b044f,Eu6Ek4Qfsb,BFC18H3a9ijMTAQPS9Dv,1.07658668697714,461.379033514853
5d8860662182cc411d5b0450,JW7PlYWtvC,SMnr9D0GkmDYgYuys1uM,15.4002682069694,145.736478894471
5d8860662182cc411d5b0451,JgvKhEIQPU,skR3fUMN7ecOTyc0hEmJ,73.9069532710139,925.047138414962
5d8860662182cc411d5b0452,Il1yfMzZ3C,eyvtBxMKTLJs9GdAHqcH,76.6359692071145,675.208039272957
5d8860662182cc411d5b0453,VKWonCnORj,WgyazMafiqrF4T1nQpSH,70.4743298935912,645.026639430747
5d8860662182cc411d5b0454,51RskI09xT,fTC0xXDnESl4cpr7hMvD,81.579591308993,308.026568051963
5d8860662182cc411d5b0455,WmG30YRZPR,7dL4NfETsHrS1Pb2XleO,74.0527059532499,548.503208182387
5d8860662182cc411d5b0456,3sQ5pUPL54,gQPLNSTJtykOn3zlkxVz,34.8608686149738,765.829417046718
5d8860662182cc411d5b0457,REQPXboWCF,3xP9CxQDFu4aiAvFUrqj,84.0103730501355,709.011169146134
5d8860662182cc411d5b0458,T9WIPl9Ved,t5NxE2Mizu9f20JTPjYH,3.96945699685823,734.493229564251
5d8860662182cc411d5b0459,rTdGJUj7bc,ziLeAfVv4hZ2iCfcP2I1,6.34116713168884,487.214803777658
5d8860662182cc411d5b045a,h9MxQuKhdE,Qc1KCeRF9ok3Pu7rr9H3,8.78619279676173,509.915217674844
5d8860662182cc411d5b045b,GQfD0zZ5W0,dzE4WD9s2vcv8GrytTYS,48.1957286985447,473.689587505661
5d8860662182cc411d5b045c,NMyS7XN2rq,0GfdrnmZB1RJBFvtBC0b,12.1143289527355,336.794439483486
5d8860662182cc411d5b045d,5iSRZ4Hx9b,fm29GB9RTRhIC5o9jnfG,1.41274645524025,827.703440151441
5d8860662182cc411d5b045e,gdWj45UdUd,ecZL1JHN8tAagJzQcU6O,11.2107997197168,549.412982419698
5d8860662182cc411d5b045f,bOtRSsxBme,o2qggYngOlVy2LYGgD0J,41.0502099910271,516.997962922502
5d8860662182cc411d5b0460,dh0PfKVPzK,gKNNdXJzXjBsO8etG7Tt,28.3174613102029,811.417307638722
5d8860662182cc411d5b0461,OjMBdzlSOB,RfAbIEv1Rzimcr7KGHGs,8.91665042054491,161.569729109957
5d8860662182cc411d5b0462,eY5VPSUTKz,eKH7QqhsVEJq5Kg0Nilb,0.192341565028254,256.599366181621
5d8860662182cc411d5b0463,ENJInAEJMl,ddVmnFUZMLpEiTbqfGX9,10.1024081148064,372.451467378355
5d8860662182cc411d5b0464,naJTVb0NBH,zdHsydzUEmPiMWusEG15,71.6408956442114,332.678023932135
5d8860662182cc411d5b0465,xXpDSTrg5S,fQ4uVsU4W0CALWn4VXes,100.510867321802,991.493406166869
5d8860662182cc411d5b0466,FizP2Omgqh,XZ3bInsgeigrjPlTuNi7,81.0472541927151,437.080124072998
5d8860662182cc411d5b0467,VQ0JNyfErs,YS5fb0j0gnTNbJaSLf4f,75.3897118573456,331.144416701283
5d8860662182cc411d5b0468,jYfUuW3Ebd,bNMXn32vlkiTKm91HCXF,55.9054669911543,760.721898616855
5d8860662182cc411d5b0469,fyCsg2U9P3,q5ZW7TPW46lYiPDuSSv7,65.8621747758542,721.233303691393
5d8860662182cc411d5b046a,kElsPuWXLQ,2rZk8CWS1xu9ExEVCLqc,1.35076466671247,626.790097992304
5d8860662182cc411d5b046b,nNdCNVxoWN,Fo65Fyl63HDyOpXQmMy6,24.4582910511576,540.750136306248
5d8860662182cc411d5b046c,Ngec6OCauA,h1mv0QIyzp8I4shFvDlY,92.6907963237803,433.523335445082
5d8860662182cc411d5b046d,ZHBkHrprCM,B1ybGptv99egioMAbPuj,18.6461427322251,665.627350908298
5d8860662182cc411d5b046e,iX1itfheAz,uWsVp5kdu0zOpEJZvyQF,59.9368882448373,893.993256901945
5d8860662182cc411d5b046f,WhamxfVYcE,WGtgQ2Tvr500cCBU1QqC,19.3631116239774,104.521122306472
5d8860662182cc411d5b0470,nEqCuTIlnn,ZdfU1pyRr1I2j4bVnVZY,87.3352905511941,473.885831668076
5d8860662182cc411d5b0471,NiWcpZqrYh,6HIEzhIA6RufCXb7hRyf,93.5471304630815,644.592587323849
5d8860662182cc411d5b0472,UKLNx752VD,LApmILdj42o1BkStCpfm,96.8984298838052,938.282629698528
5d8860662182cc411d5b0473,3Krdz19eyr,8cWsSrZQeNqTgz3lVcCz,91.667928073676,685.288987809645
5d8860662182cc411d5b0474,sMJsaoWjeE,kzNon5TYXDM18Qni74PG,41.9361530539769,284.442004888061
5d8860662182cc411d5b0475,KAAQB0bPfr,ygfulr2RPf0NrTK9oInA,42.2582820481834,785.125122447972
5d8860662182cc411d5b0476,N4poFO2UP5,INM2Yx3psyKGNW5hmx3P,99.5869857442483,991.580399194483
5d8860662182cc411d5b0477,HozFXDeWAK,h1sDZXR9FUptQYjczPVG,41.445275943174,198.464382362255
5d8860662182cc411d5b0478,am7BgNml3G,g0MMkCA4KRlCl8Bh57Sk,55.3493716440482,250.653566206322
5d8860662182cc411d5b0479,01PHleGIBH,CUCG9zCYcM9OsxLVAP8i,41.4815354049874,620.300189498039
5d8860662182cc411d5b047a,SxmyKKT7uO,Fjxm3haUz5b2i96Kj3da,0.612935665628076,917.137821562385
5d8860662182cc411d5b047b,ofTp8tnNi9,3JhXtXUUuruCC8kcMS3x,43.2764898806488,921.037112783095
5d8860662182cc411d5b047c,s9JiGJCSqc,IizktdM0eqOyUaPldzmf,20.1897215747009,839.811320223211
5d8860662182cc411d5b047d,Ipl1KXGA47,dS3VI2hu6dTjIj3WEijP,86.9276132585425,891.272145398864
5d8860662182cc411d5b047e,lgHHT3mxcy,lcDLARTkxP7E1UnH22nb,81.8454537013571,209.535266612795
5d8860662182cc411d5b047f,d7Fs2Tbk2q,PsTTJ4DYZgkHcP1QGEyB,40.2516870843447,481.576049181649
5d8860662182cc411d5b0480,3WKpU2OtBf,s20SND5izcPsXSfWYgAU,26.8307730656868,799.035191890038
5d8860662182cc411d5b0481,4QaLMOKlyo,suzFkVySqLMpAFTVgVMW,94.3160321715943,844.274430504868
5d8860662182cc411d5b0482,JY2hkzeGkV,UO1H23nsLzLouq6r7tOi,65.412499088695,697.68217751642
5d8860662182cc411d5b0483,JCW1Z9o5uq,DY2ad8LHT4AM6mgkGGRe,46.9697763326767,870.229165235923
5d8860662182cc411d5b0484,ryxgeMBUle,gCoJxZz9FanMJ0hsmBYU,60.404877758062,759.274172805287
5d8860662182cc411d5b0485,kGGFoXbkMN,A7U9T4yx0VTgU23QScOP,0.375093514481154,933.619568600078
5d8860662182cc411d5b0486,LSGKzMiMlo,VOHBKFK9TI7vXdaNgjnz,22.7008252788519,237.817124507899
5d8860662182cc411d5b0487,57GzOu7pG6,cuKNua8Lou2nJCVDuFiG,48.5384564792126,329.723605322182
5d8860662182cc411d5b0488,WRvEAca24V,OcDIhWDo6pNKD4zm0j80,0.803183764359016,532.306388344345
5d8860662182cc411d5b0489,KAFbuX4fjb,0bzmR07JGDW6UVJRIh12,65.8418879801861,118.699207175964
5d8860662182cc411d5b048a,xKtxeWlFPg,paCVPo0vOi2vd2b0doBE,71.3559709068853,822.507778033908
5d8860662182cc411d5b048b,WQJNI5GBZx,WTeYcsOkfZxHkWQo9s54,0.574211937621911,563.365496551698
5d8860662182cc411d5b048c,CNiRALdXNr,GP2b0z6AibHqblY1ZEK6,26.6756236284488,912.739043955718
5d8860662182cc411d5b048d,ExeyVQgcC5,lbP5gXIJia8edREpP0ry,67.4622985943711,368.984077153603
5d8860662182cc411d5b048e,mUX4bYeOrJ,PbMaiZ4LCZcgOYxSIyCV,72.2822597916995,471.650908753163
5d8860662182cc411d5b048f,uLKHn4IR9R,Uz2f3uVXEUVp8gQ4Zbir,31.2023187017446,428.040190437784
5d8860662182cc411d5b0490,ljxJy5VP4g,nit0XrgUlO2J8VzO0dEc,9.43091884059268,975.008492290762
5d8860662182cc411d5b0491,lMSIq6nIXA,pGGONTtFHbh4PmX94WtF,4.99099469530828,357.024033161518
5d8860662182cc411d5b0492,VdcMsuMoZN,0r8PW5MiE54YRkgBCucj,33.6428159862188,440.472387536417
5d8860662182cc411d5b0493,uEhsWv4gem,RrVoRWQDhsdSc1HLC2UG,37.0568428405738,439.212048080658
5d8860662182cc411d5b0494,Lq1zu3308e,pfkyLCMe5L3ngDG5i7Ot,18.236584352494,776.38011237017
5d8860662182cc411d5b0495,fSsmKFQHrm,afTODueBEJM291kX6gU9,0.191436448931677,864.448040109728
5d8860662182cc411d5b0496,75X5iPRdjn,fRIoplTIxsX88JbVNULs,9.85954120212814,714.527185466463
5d8860662182cc411d5b0497,d5KzXsXQGr,d3VstI5KjKqVvaamWuJB,87.2806389932387,968.924561000951
5d8860662182cc411d5b0498,kdG97HR0Lx,66qGkxI56CmWB7QbERke,17.0189195471946,455.948457269376
5d8860662182cc411d5b0499,MGb0vUNu4N,JB19B9pvZbxHZrTWlUS6,94.8358703337853,276.96410606002
5d8860662182cc411d5b049a,asyr70lKoc,hEuncm3K4FXB54P3aokC,0.613131365063293,910.69934698624
5d8860662182cc411d5b049b,srpHqSKseB,7thIUWi7sJF1XcZte8vS,19.5253473589696,443.800337713768
5d8860662182cc411d5b049c,gKvNQf6ulI,N7bPXcyHJ6QLfMOqmoqU,66.4630127541265,234.637133285039
5d8860662182cc411d5b049d,mjENlG9PEJ,qqjD3Xakvj5Fxfcr5rV1,48.7053351610922,891.359389633517
5d8860662182cc411d5b049e,yQXfzKc4iS,ekskCIQilO0vNvpFLuAC,51.8430736045761,277.202083880455
5d8860662182cc411d5b049f,ATrOPIaY3n,ilzJbYi0Qf5ci8SrZOR5,45.951401222185,751.041076876794
5d8860662182cc411d5b04a0,AaGhJc4gTG,HlqSd1bU23I4tOz7m6s3,21.012745764164,415.198867064781
5d8860662182cc411d5b04a1,vdMINdFPSJ,LyPPZLeRYitDm7m3m9YO,46.5896575597029,806.500159732842
5d8860662182cc411d5b04a2,2hJVotjYbR,GJELMTJtGIRoYxVVAGO1,53.7476402340656,396.577654442072
5d8860662182cc411d5b04a3,rmP70Qb2By,fQylrl728ZV3bvuk3tfH,46.2280194274045,931.427580716235
5d8860662182cc411d5b04a4,4FoUAaCjZG,YEAf5TXhOpuTK8ix4NUp,33.8707863045368,481.215478755283
5d8860662182cc411d5b04a5,L7UrkiN2fV,oMk3V56PaEnluJUz3ZkK,92.2874504710779,230.331768690223
5d8860662182cc411d5b04a6,Ik3TFjERks,C12fHr6xBJ52ZO2tJmVX,43.7838947708468,680.697430602037
5d8860662182cc411d5b04a7,tDp4i51iHS,5JgEVRRiszuMcquVzj12,72.5332154093528,783.319755026827
5d8860662182cc411d5b04a8,js4tQ11JPk,JHvUN9z2Ch23zyrWtJmP,51.9985910488653,899.097922280136
5d8860662182cc411d5b04a9,E2Hro5Lo82,b3np2bRVRd0FhMQ2NBFt,8.60612368440873,578.878625415601
5d8860662182cc411d5b04aa,V8Jyx6aN5Q,sDFl9PhSTU3ARnbskTtf,4.66768591608203,172.761911355228
5d8860662182cc411d5b04ab,EdXkvebguh,Dj1XTsRhtn95MtxLWHsl,46.5537851528216,862.656595745882
5d8860662182cc411d5b04ac,HR9gINcObD,WYDgYF92JPxfGxGA8BCg,18.116407122177,415.086191358209
5d8860662182cc411d5b04ad,LibTldDfNp,9lgM03gILi6ux1FJ3i14,43.3618642713931,872.244356507985
5d8860662182cc411d5b04ae,ilajomSxW3,5jxDOsr5CQZtdxvsBxGi,66.3736565848842,250.300642204778
5d8860662182cc411d5b04af,qt2SQ2tlyN,mslWKpBUhOklhOb5W9FM,62.4853207378247,680.956215805185
5d8860662182cc411d5b04b0,l9f32LtXrT,AMOixHeP9orZWnRF8uuS,72.7032675858555,560.249440337166
5d8860662182cc411d5b04b1,LvMJvL9kf1,uE3K9lMGEx3Ppfk856QZ,61.3796591614945,437.611551162476
5d8860662182cc411d5b04b2,MdoCRiMqqX,KbFI8KLW0PTzpNRCMvic,1.13523939126525,120.172335995586
5d8860662182cc411d5b04b3,Sx8RW8VSHy,sD5pX5Gut0zqX32VAoDi,84.0321937844083,507.315831705044
5d8860662182cc411d5b04b4,eH47mkNMCN,tcruL0OEGqBBkc4p602U,48.9970004677435,244.485890211848
5d8860662182cc411d5b04b5,jzgF8gTNqo,C4yImtqfeTKIsfi0YJY1,49.493280091769,711.242002837293
5d8860662182cc411d5b04b6,zt3PFRTvdi,9A6ar3dmAIBUm2Pr8YPF,31.4446491230495,422.564765506756
5d8860662182cc411d5b04b7,viAKWcR59L,LMhA38UPa3nQWqDZeneQ,45.4075750178755,467.41170981051
5d8860662182cc411d5b04b8,5UqfWcyZgo,sbtOeOdmNt4d2PF2f7mN,78.9942152169877,261.522895753997
5d8860662182cc411d5b04b9,7GK5qHcb7I,1LjP4A1MeMEjHRrhAvAp,15.5452851118828,733.476561568372
5d8860662182cc411d5b04ba,9qolNGit3G,qdSETHOq51LXGmJ340j0,22.0528962870294,527.994817155373
5d8860662182cc411d5b04bb,sxxblNR5vN,MteNHpf2WTrDhEtJvaga,53.3334177135963,543.499300610833
5d8860662182cc411d5b04bc,pegIIcGsA5,epiLVNeyKfkQjTaFleK2,88.4503162491941,585.916864956582
5d8860662182cc411d5b04bd,VjJcvv9tUJ,tVFYmtXulWQQqVbczyeM,89.3870261091984,752.735187673145
5d8860662182cc411d5b04be,jViCo34GPy,960LqZlruSQuBbAWWBse,85.9697765738443,339.308464144615
5d8860662182cc411d5b04bf,mH48asNVF4,IPyJBZPJSksoUX6km4mX,84.0404652220939,574.413104460008
5d8860662182cc411d5b04c0,v9DghoEhkD,rqOm473puy7fDNmtFeyk,99.8794969263592,373.053353015425
5d8860662182cc411d5b04c1,ug5WtzE1gQ,UOGRRJhAhvVBqkl9pAV4,17.8786397786711,423.516951750544
5d8860662182cc411d5b04c2,9ldYP2h4sd,ixz9TaEP41aCZ998cJCY,79.4638768780501,291.68082016754
5d8860662182cc411d5b04c3,m85LQGMxRa,pu1jx9TUy4cmE7XJ3v1M,84.268253979079,255.566738706497
5d8860662182cc411d5b04c4,seHdZ1qBV8,GBs8hohRMix5yKeC3ojt,30.5547365468348,662.146995199465
5d8860662182cc411d5b04c5,GD1ZmdiAv0,mKaSLAK8JX4US0hPm2YI,73.8890581579701,608.400007829104
5d8860662182cc411d5b04c6,ZEhRDk4j2Q,g8AsTtl9dPNIoeV8nhIs,6.06257228808391,451.616058851402
5d8860662182cc411d5b04c7,cWoteSeLJK,tJKLnnU0YDujdrtz6bG5,72.2651044753469,940.952924267291
5d8860662182cc411d5b04c8,82KiRxyMi3,o296tIUr2AVONH09WrHr,96.5078033553635,772.241520276706
5d8860662182cc411d5b04c9,hM9J7exjOQ,77KfS2Kala3fhSO5x35q,46.2959935773052,675.041620218862
5d8860662182cc411d5b04ca,tgcDxnyJHr,UP6oU73eHgGy0G6V04nC,16.5520260862647,516.947467461442
5d8860662182cc411d5b04cb,60DYDqQjey,6i2t8orRKsgBeM6cnUAc,36.7881287818631,237.143445350062
5d8860662182cc411d5b04cc,db8MzAZi5e,4JkPXDnptx1Ggo7dgAtk,4.52925905812946,104.209777366112
5d8860662182cc411d5b04cd,dmomFQvN8v,CoJWAMkBOm97CVa4Momp,47.9859567196347,298.178176937297
5d8860662182cc411d5b04ce,zhgHrjSdGU,tScCgehZoZyaDXCXIROW,4.97719426384492,717.837446900887
5d8860662182cc411d5b04cf,R1h8PHvTFs,bzxdQ8iKRRu8ftcN2HUm,38.103227539729,112.289243434799
5d8860662182cc411d5b04d0,8lpqx1iRpR,1qVmh8vF2tQPXneTymAk,63.1684497926557,843.753722511657
5d8860662182cc411d5b04d1,ol7NRKe0nQ,t3dFQeehLah8b987LBic,10.8542385604577,360.625109153655
5d8860662182cc411d5b04d2,pdspxXfqlY,HNXO6WqxxbXYKS6b8jSE,12.6418164909067,915.777484859053
5d8860662182cc411d5b04d3,LsLa0Wt0Ht,ip1XBLnlQZcrDp88xLHG,5.98508845516492,589.120363570011
5d8860662182cc411d5b04d4,7fcuQUzd4q,yJnipKyKoPJ93VfcQP1Q,71.7335121478725,753.404391830435
5d8860662182cc411d5b04d5,NZXGs4mjee,tE3TcxOZPzUVLAWQYNJI,89.8049269230043,250.277025448414
5d8860662182cc411d5b04d6,Abjb4PRC9e,DtoGolP8vKhHsuX2Z53v,26.1084251464657,603.588169237297
5d8860662182cc411d5b04d7,HDgrNod7jG,KkEVECLLJUvBI1gQBtS8,42.7171953296133,645.94586039111
5d8860662182cc411d5b04d8,bEdKhullrT,Q0EJCo9VY8lqS8fdLs0l,27.2913716591006,380.521914938607
5d8860662182cc411d5b04d9,oQYrgnrugH,CPQSOu6pGU0gqgg2HRTg,56.7508914280629,563.107577553816
5d8860662182cc411d5b04da,OR0ozaUFD7,R4DXWvIg08Ilxbgo3IrZ,78.1983408034191,707.419228426854
5d8860662182cc411d5b04db,1zWEiguATe,olKChgHvZvBfGeTdiqeD,19.0918099995317,919.654026361497
5d8860662182cc411d5b04dc,8jjpjeMnur,3r9drtn5U3FeQSCXs8Ov,23.6677458180854,354.295568655181
5d8860662182cc411d5b04dd,eKAeUKIJRR,0fWElIP8UUbXLiiL1kpA,7.61379703913531,400.169540909549
5d8860662182cc411d5b04de,bqioJTD9qW,l3HmmqdxTrgjmxRH7IOa,45.9916737335633,883.749437327211
5d8860662182cc411d5b04df,G8JG2GjF6t,U3VORxBxDCIDDxhh0orX,79.4099934066345,101.712150105526
5d8860662182cc411d5b04e0,A8sg7MqANK,d5RUTUJO5mXYBKSqFdS5,49.4471380529283,484.743683020394
5d8860662182cc411d5b04e1,nQyX1DdCgW,ZGsW8rkJ8GBTENGiOqhK,59.3240950323337,971.5948012368
5d8860662182cc411d5b04e2,4DCzqEjjjR,ueIFa6pJkqMi0sgK4tvN,54.8273208975587,420.386697901786
5d8860662182cc411d5b04e3,81sGYHZx2N,xA3xSo0c7Q9xzVJPlh6K,35.4815905477203,344.16665066797
5d8860662182cc411d5b04e4,SYKxzYukvJ,lKfpb04ma0SRRbOBDsLZ,88.9728392331033,663.713708425442
5d8860662182cc411d5b04e5,Vy1faYL8CN,3Uhk3HEAWHX2oSx8M4Se,46.8210229963802,190.594314260414
5d8860662182cc411d5b04e6,6KXhMJdZ6T,8GLAEugNHpSha9NWOpyb,74.3029734700166,939.468012326037
5d8860662182cc411d5b04e7,mFQ3vm4d4H,fEg4Q7GgrLjlmVqkkfDA,73.6252349897235,952.643077514019
5d8860662182cc411d5b04e8,bLlXaTCepI,l1gSVAIEuZjYyorqb49i,21.3469321845094,864.882215612476
5d8860662182cc411d5b04e9,1BvxS9TGOP,TM15x9q5WMArLKq3nQXV,28.0526153677277,782.458186264574
5d8860662182cc411d5b04ea,dDXU1cEKLV,uPUUWvFRAl1Ea2n5jNzm,19.2751032943435,991.459482987459
5d8860662182cc411d5b04eb,VirrvHpKWN,IuUYp7tX3LD3PBC3bAlR,47.6683518797491,188.346043399551
5d8860662182cc411d5b04ec,rtBNcLY1Sn,3mnW3VledsxaGkZTHHTb,24.4302916894706,242.754841970822
5d8860662182cc411d5b04ed,R0RWz103H7,le2hFg4xHaheNztZV2E4,81.9756853703529,373.55556668523
5d8860662182cc411d5b04ee,DCPNDLVIiF,hmhq02mcSRu21TNvCQOX,52.8589794379312,560.156339337479
5d8860662182cc411d5b04ef,RZFLhA6WMQ,dYE5h3tST6D8DyrWuNrX,84.9471549350381,674.059304926805
5d8860662182cc411d5b04f0,q9SLC3hzQL,e2AMOM6o8I5aqLVU5nUZ,69.8425739516145,736.666358666711
5d8860662182cc411d5b04f1,C6kmDQarSi,rftJ1ax6MrvA2zcauBsj,5.55584608599819,501.334755517669
5d8860662182cc411d5b04f2,QEsjgSmKTI,AkYVFV7jE7oskHs0LJaf,81.4286576570359,161.682843909833
5d8860662182cc411d5b04f3,NyO7yWxBZF,MrjrfOT3oXTJkR5H7y02,81.3066449379501,384.145641710871
5d8860662182cc411d5b04f4,DQL50qMTUg,A4k3Pkx2T8RvacUnPGi9,23.9622331510628,763.780590087598
5d8860662182cc411d5b04f5,ysurqljsSE,pRe1SIvWJzfLm1B10cjI,20.7674893839293,307.323136186783
5d8860662182cc411d5b04f6,EbiPNDmkLv,W44dzZuPeZEenLxQTzb8,57.6169788917609,844.492440005969
5d8860662182cc411d5b04f7,RC2WtAlnoa,1T6qcr4Xuk3vpcFLdJ0f,4.10061425101517,753.547044342931
5d8860662182cc411d5b04f8,lESxIJbbcC,JkCZ0hzLMe3xkXPcWuhj,51.9265033842237,625.090534675683
5d8860662182cc411d5b04f9,X1jzdL4610,CaXvYtj37Q485cae79tE,67.5938039811431,141.127188973017
5d8860662182cc411d5b04fa,6eqGeTiBel,icJ7813udUYZ7EUNbn0b,81.3155782961601,585.367617435593
5d8860662182cc411d5b04fb,KDlPJjrU8p,lMnD5jyrB8RKeJhfhnhy,94.1916423018821,370.784513001072
5d8860662182cc411d5b04fc,HJ0iK0MOuU,cvWfDLyPSGbqz7Qf0dac,11.6314122089477,703.418230668446
5d8860662182cc411d5b04fd,aX8SdGSNvR,Bk0jHJXpr055SqTGmtBW,6.02676340222925,659.432477586422
5d8860662182cc411d5b04fe,BkzdQazlLo,4I1sJMdlpYUH5db5R9oz,96.6748777131518,596.420006498285
5d8860662182cc411d5b04ff,EMDGkS3DGA,KbNVYT2PC63e49063KyP,57.9510985933529,383.958205135687
5d8860662182cc411d5b0500,xi08OvldaC,u5h3gmg9Yc5cDyhnaGsI,59.7317776344926,562.414863506219
5d8860662182cc411d5b0501,vKDdBcVjni,8zzh2u3Uh7Z9P2av0THO,20.0671319994391,123.003743148278
5d8860662182cc411d5b0502,LAZO1Iz1RF,2R56rWktSSQEvAIqdMM6,94.1040886845534,820.090310853773
5d8860662182cc411d5b0503,k4ECOVBWTT,WKgpWWoNVUvp3HSVEeoQ,77.2591427033828,896.747341487858
5d8860662182cc411d5b0504,xzTejIc5az,0l99RaTkEITGqSJp56KP,45.6412081215238,748.560671850557
5d8860662182cc411d5b0505,obQgrSbVxZ,79v5uuXj5E2RqnW4aMcO,11.7244634476688,703.684729653793
5d8860662182cc411d5b0506,vDFMppMIaZ,rb3ThcEcTVWtfaz3z5bg,9.27120944104632,830.148334373824
5d8860662182cc411d5b0507,4kY157O9XI,hCVvepCup1aeg7V3orjf,1.50472127504578,968.410286645032
5d8860662182cc411d5b0508,9QLklgad2U,2pyLGJZEad4v1yXc0aLJ,16.5320935520108,989.165028139923
5d8860662182cc411d5b0509,fkdmPFpcHf,Dqy5e9Blpm4SxSAYKbVW,5.01709773442445,375.398331657512
5d8860662182cc411d5b050a,5D5tPWEaq8,YC3H2dl0Y4c7ODtChSj9,26.1030309222457,732.692994568187
5d8860662182cc411d5b050b,H97vB2Irpx,QydT8sTssQYiEI9C1aFB,54.5855710265689,415.784441633446
5d8860662182cc411d5b050c,CqQEH1CyWa,TaYFj2B2zPqbDK0vH0lH,15.3356202793994,192.366384885897
5d8860662182cc411d5b050d,xBvDI16crX,YM3sXCEFIvtVqVV2qT0x,44.9721671798912,122.146567421425
5d8860662182cc411d5b050e,0kqfgCEOsG,IjdokBuxVSsQkY0iQPqt,71.7851322616482,265.152336010546
5d8860662182cc411d5b050f,zWoX9eyV8V,lRNq1tzGWD0H1gvmsoGi,26.9082172463153,714.286378177598
5d8860662182cc411d5b0510,YJrSO1maEf,Hms4Gy54CO31Aq69vaxb,80.7417605934915,952.132341802911
5d8860662182cc411d5b0511,KCTX2PxkeC,yGd9VLmOtEdMM0kjLk2k,96.6255934268989,334.01049835929
5d8860662182cc411d5b0512,2ZtqVriGd2,bOGUDU5BJyleDomKHBtF,18.7618777765977,598.283449782835
5d8860662182cc411d5b0513,zQ2t1aSBly,coAll47xatn999XU1ftG,83.3879737927839,492.91173129267
5d8860662182cc411d5b0514,Z84fTyQntn,BvvP3dj3Nxm9moKRkDoJ,45.1992772354961,538.259538400676
5d8860662182cc411d5b0515,qkQWHqLqkk,0DYP2aJecFOkEAB60EVv,45.0220829258701,807.150336444201
5d8860662182cc411d5b0516,gqBlbb7uGv,jSC7gI2aDSje8ru3nM2H,88.7364275034058,732.172567456869
5d8860662182cc411d5b0517,8S5rWhvlFd,uAL4G2eO1qhXFdpuh75V,56.4489461046444,940.23526641426
5d8860662182cc411d5b0518,i6esN2Xzpa,CY8a0quVlu5vE9AnBOd3,39.9157203879957,807.373774817701
5d8860662182cc411d5b0519,a2fXsBCITQ,7dYVL8lliUnvsaZVhCZy,99.2151344599065,743.805390504803
5d8860662182cc411d5b051a,3ZNkEgGC1g,uG8Yktao8iD5VU4TvQgc,44.6707236521969,199.235007390552
5d8860662182cc411d5b051b,eOss4ZxZ0P,ZoKiBqKLOjYX4SK87ul9,52.0240251806676,398.410812268657
5d8860662182cc411d5b051c,haEJ397iZz,ISUVu4gihjiTb0zrizm1,90.8574306849799,994.92990441372
5d8860662182cc411d5b051d,zfm78AFQSs,T3GH7Gvrg3zl7igvxKWn,85.2670376397718,554.294039373403
5d8860662182cc411d5b051e,3BFI4Ov4pi,xCqnQJaDYSmkLRviJg0v,99.7855041520632,866.215201579774
5d8860662182cc411d5b051f,mb0nZBggEm,7nf0PtB0kULAP3PBJ52k,45.5548951048123,670.17130115067
5d8860662182cc411d5b0520,5Q4KVKiimR,McOoLsIqiJlUW3NLZalA,17.7495362018116,418.211914325374
5d8860662182cc411d5b0521,fOMgn3iP78,rSg5Jv9Mu9CWQyFRpcPh,52.2488668838222,956.01378558975
5d8860662182cc411d5b0522,bGqPpEcves,DqDjzTHk6gsTZEWSHqHx,8.56029061092701,627.186655380572
5d8860662182cc411d5b0523,AnkkMpnLcX,0DdqbEXCVM3QebujBPNj,83.9920240161213,711.828836053369
5d8860662182cc411d5b0524,GKrHlTYrgK,CIpqooghSBXZXbF1KnPR,40.075955465261,278.332858336475
5d8860662182cc411d5b0525,VSs0SbE7im,8oHQP6RsrCjrhuRbuS7X,70.240487438076,270.441241975093
5d8860662182cc411d5b0526,IdXYSiohSu,rbWI8liaIMCZEVcFbEqO,76.7333958406265,611.552028064806
5d8860662182cc411d5b0527,qAZDUFJ0GO,pOP3uD84nrjjvhzxuK7S,83.7946761488597,237.274516130776
5d8860662182cc411d5b0528,NtNiXO7L4e,ZYKmj9PtbV5ot0KTdky7,70.0793974535061,957.234950859631
